Customer name,Number of orders,Sum,Discount

Gigrl',2,6.000000,0,
Ioana,6,26.000000,0,
Maria,1,46.000000,0,
ana,1,0.000000,0,
t,1,20.000000,0,
Anna,3,60.000000,0,
aaa,1,20.000000,0,
gg,1,20.000000,0,
asdhd,1,20.000000,0,
hsfhfs,1,20.000000,0,
Anne,1,20.000000,0,
